pcode_st,name_st,pcode_dt,name_dt,pcode_ts,name_ts,pop_t,pop_u,pop_r
MMR001,Kachin,MMR001D001,Myitkyina,MMR001001,Myitkyina,317604,246506,71098
MMR001,Kachin,MMR001D001,Myitkyina,MMR001002,Waingmaw,125544,26656,98888
MMR001,Kachin,MMR001D001,Myitkyina,MMR001003,Injangyang,1732,445,1287
MMR001,Kachin,MMR001D001,Myitkyina,MMR001004,Tanai,60019,37415,22604
MMR001,Kachin,MMR001D001,Myitkyina,MMR001005,Chipwi,20039,2790,17249
MMR001,Kachin,MMR001D001,Myitkyina,MMR001006,Tsawlaw,6518,368,6150
MMR001,Kachin,MMR001D002,Mohnyin,MMR001007,Mohnyin,209292,56642,152650
MMR001,Kachin,MMR001D002,Mohnyin,MMR001008,Mogaung,132608,25012,107596
MMR001,Kachin,MMR001D002,Mohnyin,MMR001009,Hpakant,331708,65857,265851
MMR001,Kachin,MMR001D003,Bhamo,MMR001010,Bhamo,135877,58696,77181
MMR001,Kachin,MMR001D003,Bhamo,MMR001011,Shwegu,94784,20722,74062
MMR001,Kachin,MMR001D003,Bhamo,MMR001012,Momauk,62914,20997,41917
MMR001,Kachin,MMR001D003,Bhamo,MMR001013,Mansi,52945,8146,44799
MMR001,Kachin,MMR001D004,Puta-O,MMR001014,Puta-O,61075,15978,45097
MMR001,Kachin,MMR001D004,Puta-O,MMR001015,Sumprabum,2546,1137,1409
MMR001,Kachin,MMR001D004,Puta-O,MMR001016,Machanbaw,8858,2315,6543
MMR001,Kachin,MMR001D004,Puta-O,MMR001018,Khaunglanhpu,11655,450,11205
MMR001,Kachin,MMR001D004,Puta-O,MMR001017,Nawngmun,7123,2236,4887
MMR002,Kayah,MMR002D001,Loikaw,MMR002001,Loikaw,128401,51349,77052
MMR002,Kayah,MMR002D001,Loikaw,MMR002002,Demoso,79201,5621,73580
MMR002,Kayah,MMR002D001,Loikaw,MMR002003,Hpruso,29374,4240,25134
MMR002,Kayah,MMR002D001,Loikaw,MMR002004,Shadaw,6742,1573,5169
MMR002,Kayah,MMR002D002,Bawlake,MMR002005,Bawlakhe,10996,5474,5522
MMR002,Kayah,MMR002D002,Bawlake,MMR002006,Hpasawng,25594,3148,22446
MMR002,Kayah,MMR002D002,Bawlake,MMR002007,Mese,6319,1013,5306
MMR003,Kayin,MMR003D001,Hpa-An,MMR003001,Hpa-An,421575,75141,346434
MMR003,Kayin,MMR003D001,Hpa-An,MMR003002,Hlaingbwe,265883,16116,249767
MMR003,Kayin,MMR003D001,Hpa-An,MMR003004,Thandaunggyi,96052,21148,74904
MMR003,Kayin,MMR003D004,Hpapun,MMR003003,Hpapun,35085,17320,17765
MMR003,Kayin,MMR003D002,Myawaddy,MMR003005,Myawaddy,210540,116580,93960
MMR003,Kayin,MMR003D003,Kawkareik,MMR003006,Kawkareik,220342,42950,177392
MMR003,Kayin,MMR003D003,Kawkareik,MMR003007,Kyainseikgyi,254849,39911,214938
MMR004,Chin,MMR004D003,Hakha,MMR004002,Hakha,48352,24926,23426
MMR004,Chin,MMR004D003,Hakha,MMR004003,Thantlang,50374,7587,42787
MMR004,Chin,MMR004D001,Falam,MMR004001,Falam,48077,12696,35381
MMR004,Chin,MMR004D001,Falam,MMR004004,Tedim,87623,13452,74171
MMR004,Chin,MMR004D001,Falam,MMR004005,Tonzang,31878,5227,26651
MMR004,Chin,MMR004D002,Mindat,MMR004006,Mindat,42600,11505,31095
MMR004,Chin,MMR004D002,Mindat,MMR004007,Matupi,51351,10851,40500
MMR004,Chin,MMR004D002,Mindat,MMR004008,Kanpetlet,21493,4159,17334
MMR004,Chin,MMR004D002,Mindat,MMR004009,Paletwa,97053,9406,87647
MMR005,Sagaing,MMR005D001,Sagaing,MMR005001,Sagaing,307194,81432,225762
MMR005,Sagaing,MMR005D001,Sagaing,MMR005002,Myinmu,106986,16558,90428
MMR005,Sagaing,MMR005D001,Sagaing,MMR005003,Myaung,106411,7795,98616
MMR005,Sagaing,MMR005D002,Shwebo,MMR005004,Shwebo,266807,79739,187068
MMR005,Sagaing,MMR005D002,Shwebo,MMR005005,Khin-U,146457,11334,135123
MMR005,Sagaing,MMR005D002,Shwebo,MMR005006,Wetlet,196216,10814,185402
MMR005,Sagaing,MMR005D002,Shwebo,MMR005007,Kanbalu,295561,25022,270539
MMR005,Sagaing,MMR005D002,Shwebo,MMR005008,Kyunhla,104087,12148,91939
MMR005,Sagaing,MMR005D002,Shwebo,MMR005009,Ye-U,118290,20458,97832
MMR005,Sagaing,MMR005D002,Shwebo,MMR005010,Tabayin,140815,4308,136507
MMR005,Sagaing,MMR005D002,Shwebo,MMR005011,Taze,165110,14361,150749
MMR005,Sagaing,MMR005D003,Monywa,MMR005012,Monywa,372095,207489,164606
MMR005,Sagaing,MMR005D003,Monywa,MMR005013,Budalin,123539,5210,118329
MMR005,Sagaing,MMR005D003,Monywa,MMR005014,Ayadaw,155769,9516,146253
MMR005,Sagaing,MMR005D003,Monywa,MMR005015,Chaung-U,105955,21929,84026
MMR005,Sagaing,MMR005D004,Katha,MMR005020,Katha,167734,26732,141002
MMR005,Sagaing,MMR005D004,Katha,MMR005021,Indaw,120266,8529,111737
MMR005,Sagaing,MMR005D004,Katha,MMR005022,Tigyaing,129955,13535,116420
MMR005,Sagaing,MMR005D004,Katha,MMR005023,Banmauk,112668,6165,106503
MMR005,Sagaing,MMR005D004,Katha,MMR005024,Kawlin,145297,21431,123866
MMR005,Sagaing,MMR005D004,Katha,MMR005025,Wuntho,73395,11972,61423
MMR005,Sagaing,MMR005D004,Katha,MMR005026,Pinlebu,111968,6963,105005
MMR005,Sagaing,MMR005D005,Kale,MMR005027,Kale,348573,130506,218067
MMR005,Sagaing,MMR005D005,Kale,MMR005028,Kalewa,56432,8819,47613
MMR005,Sagaing,MMR005D005,Kale,MMR005029,Mingin,104363,3467,100896
MMR005,Sagaing,MMR005D006,Tamu,MMR005030,Tamu,114869,59938,54931
MMR005,Sagaing,MMR005D007,Mawlaik,MMR005031,Mawlaik,51314,8556,42758
MMR005,Sagaing,MMR005D007,Mawlaik,MMR005032,Paungbyin,112694,10049,102645
MMR005,Sagaing,MMR005D008,Hkamti,MMR005033,Hkamti,47658,11551,36107
MMR005,Sagaing,MMR005D008,Hkamti,MMR005034,Homalin,258206,21220,236986
MMR005,Sagaing,MMR005D008,Hkamti,MMR005035,Lay Shi,10491,2692,7799
MMR005,Sagaing,MMR005D008,Hkamti,MMR005036,Lahe,54357,5613,48744
MMR005,Sagaing,MMR005D008,Hkamti,MMR005037,Nanyun,51980,6143,45837
MMR005,Sagaing,MMR005D009,Yinmabin,MMR005016,Yinmabin,141480,4806,136674
MMR005,Sagaing,MMR005D009,Yinmabin,MMR005018,Salingyi,121808,5553,116255
MMR005,Sagaing,MMR005D009,Yinmabin,MMR005019,Pale,144006,4095,139911
MMR005,Sagaing,MMR005D009,Yinmabin,MMR005017,Kani,134541,4887,129654
MMR006,Tanintharyi,MMR006D001,Dawei,MMR006001,Dawei,146964,83459,63505
MMR006,Tanintharyi,MMR006D001,Dawei,MMR006002,Launglon,118317,5334,112983
MMR006,Tanintharyi,MMR006D001,Dawei,MMR006003,Thayetchaung,105662,11305,94357
MMR006,Tanintharyi,MMR006D001,Dawei,MMR006004,Yebyu,122633,7858,114775
MMR006,Tanintharyi,MMR006D002,Myeik,MMR006005,Myeik,284489,115141,169348
MMR006,Tanintharyi,MMR006D002,Myeik,MMR006006,Kyunsu,171753,5548,166205
MMR006,Tanintharyi,MMR006D002,Myeik,MMR006007,Palaw,129992,25112,104880
MMR006,Tanintharyi,MMR006D002,Myeik,MMR006008,Tanintharyi,106853,5514,101339
MMR006,Tanintharyi,MMR006D003,Kawthoung,MMR006009,Kawthoung,140020,68706,71314
MMR006,Tanintharyi,MMR006D003,Kawthoung,MMR006010,Bokpyin,81718,10442,71276
MMR111,Bago,MMR007D001,Bago,MMR007001,Bago,491434,254424,237010
MMR111,Bago,MMR007D001,Bago,MMR007002,Thanatpin,145287,15822,129465
MMR111,Bago,MMR007D001,Bago,MMR007003,Kawa,197363,17396,179967
MMR111,Bago,MMR007D001,Bago,MMR007004,Waw,176014,23143,152871
MMR111,Bago,MMR007D001,Bago,MMR007005,Nyaunglebin,199483,59244,140239
MMR111,Bago,MMR007D001,Bago,MMR007006,Kyauktaga,251212,31656,219556
MMR111,Bago,MMR007D001,Bago,MMR007007,Daik-U,202530,38477,164053
MMR111,Bago,MMR007D001,Bago,MMR007008,Shwegyin,107462,24579,82883
MMR111,Bago,MMR007D002,Taungoo,MMR007009,Taungoo,262056,108589,153467
MMR111,Bago,MMR007D002,Taungoo,MMR007010,Yedashe,213593,24420,189173
MMR111,Bago,MMR007D002,Taungoo,MMR007011,Kyaukkyi,113329,10815,102514
MMR111,Bago,MMR007D002,Taungoo,MMR007012,Phyu,257273,63880,193393
MMR111,Bago,MMR007D002,Taungoo,MMR007013,Oktwin,159828,14143,145685
MMR111,Bago,MMR007D002,Taungoo,MMR007014,Htantabin,117276,9889,107387
MMR111,Bago,MMR008D001,Pyay,MMR008001,Pyay,251643,134861,116782
MMR111,Bago,MMR008D001,Pyay,MMR008002,Paukkhaung,124856,14037,110819
MMR111,Bago,MMR008D001,Pyay,MMR008003,Padaung,144214,17678,126536
MMR111,Bago,MMR008D001,Pyay,MMR008004,Paungde,137561,25455,112106
MMR111,Bago,MMR008D001,Pyay,MMR008005,Thegon,130957,15752,115205
MMR111,Bago,MMR008D001,Pyay,MMR008006,Shwedaung,121671,17681,103990
MMR111,Bago,MMR008D002,Thayarwady,MMR008007,Thayarwady,151104,35815,115289
MMR111,Bago,MMR008D002,Thayarwady,MMR008008,Letpadan,177407,24792,152615
MMR111,Bago,MMR008D002,Thayarwady,MMR008009,Minhla,122491,11697,110794
MMR111,Bago,MMR008D002,Thayarwady,MMR008010,Okpho,126662,11525,115137
MMR111,Bago,MMR008D002,Thayarwady,MMR008011,Zigon,67523,15233,52290
MMR111,Bago,MMR008D002,Thayarwady,MMR008012,Nattalin,172141,18929,153212
MMR111,Bago,MMR008D002,Thayarwady,MMR008013,Monyo,127570,9457,118113
MMR111,Bago,MMR008D002,Thayarwady,MMR008014,Gyobingauk,117433,22947,94486
MMR009,Magway,MMR009D001,Magway,MMR009001,Magway,289247,94038,195209
MMR009,Magway,MMR009D001,Magway,MMR009002,Yenangyaung,134227,45120,89107
MMR009,Magway,MMR009D001,Magway,MMR009003,Chauk,185189,45076,140113
MMR009,Magway,MMR009D001,Magway,MMR009004,Taungdwingyi,259860,46023,213837
MMR009,Magway,MMR009D001,Magway,MMR009005,Myothit,159511,8080,151431
MMR009,Magway,MMR009D001,Magway,MMR009006,Natmauk,206996,14737,192259
MMR009,Magway,MMR009D002,Minbu,MMR009007,Minbu,188182,39559,148623
MMR009,Magway,MMR009D002,Minbu,MMR009008,Pwintbyu,163692,6350,157342
MMR009,Magway,MMR009D002,Minbu,MMR009009,Ngape,52142,4065,48077
MMR009,Magway,MMR009D002,Minbu,MMR009010,Salin,236033,12158,223875
MMR009,Magway,MMR009D002,Minbu,MMR009011,Sidoktaya,47526,6514,41012
MMR009,Magway,MMR009D003,Thayet,MMR009012,Thayet,104347,20251,84096
MMR009,Magway,MMR009D003,Thayet,MMR009013,Minhla,146082,12510,133572
MMR009,Magway,MMR009D003,Thayet,MMR009014,Mindon,59357,4594,54763
MMR009,Magway,MMR009D003,Thayet,MMR009015,Kamma,75195,5202,69993
MMR009,Magway,MMR009D003,Thayet,MMR009016,Aunglan,235222,52487,182735
MMR009,Magway,MMR009D003,Thayet,MMR009017,Sinbaungwe,117844,5089,112755
MMR009,Magway,MMR009D004,Pakokku,MMR009018,Pakokku,290139,90842,199297
MMR009,Magway,MMR009D004,Pakokku,MMR009019,Yesagyo,215352,23329,192023
MMR009,Magway,MMR009D004,Pakokku,MMR009020,Myaing,225771,7706,218065
MMR009,Magway,MMR009D004,Pakokku,MMR009021,Pauk,171514,7286,164228
MMR009,Magway,MMR009D004,Pakokku,MMR009022,Seikphyu,102769,9081,93688
MMR009,Magway,MMR009D005,Gangaw,MMR009023,Gangaw,133295,13939,119356
MMR009,Magway,MMR009D005,Gangaw,MMR009024,Tilin,48866,4522,44344
MMR009,Magway,MMR009D005,Gangaw,MMR009025,Saw,68697,9473,59224
MMR010,Mandalay,MMR010D001,Mandalay,MMR010001,Aungmyaythazan,265779,265779,0
MMR010,Mandalay,MMR010D001,Mandalay,MMR010002,Chanayethazan,197175,197175,0
MMR010,Mandalay,MMR010D001,Mandalay,MMR010003,Mahaaungmyay,241113,241113,0
MMR010,Mandalay,MMR010D001,Mandalay,MMR010004,Chanmyathazi,283781,283781,0
MMR010,Mandalay,MMR010D001,Mandalay,MMR010005,Pyigyitagon,237698,237698,0
MMR010,Mandalay,MMR010D001,Mandalay,MMR010006,Amarapura,237618,80824,156794
MMR010,Mandalay,MMR010D001,Mandalay,MMR010007,Patheingyi,263725,13082,250643
MMR010,Mandalay,MMR010D002,Pyinoolwin,MMR010008,Pyinoolwin,255508,158783,96725
MMR010,Mandalay,MMR010D002,Pyinoolwin,MMR010009,Madaya,258001,24234,233767
MMR010,Mandalay,MMR010D002,Pyinoolwin,MMR010010,Singu,157585,7393,150192
MMR010,Mandalay,MMR010D002,Pyinoolwin,MMR010011,Mogoke,167149,77609,89540
MMR010,Mandalay,MMR010D002,Pyinoolwin,MMR010012,Thabeikkyin,163702,13765,149937
MMR010,Mandalay,MMR010D003,Kyaukse,MMR010013,Kyaukse,257907,41482,216425
MMR010,Mandalay,MMR010D003,Kyaukse,MMR010014,Sintgaing,148918,8290,140628
MMR010,Mandalay,MMR010D003,Kyaukse,MMR010015,Myittha,195629,19342,176287
MMR010,Mandalay,MMR010D003,Kyaukse,MMR010016,Tada-U,138617,12389,126228
MMR010,Mandalay,MMR010D004,Myingyan,MMR010017,Myingyan,276096,87708,188388
MMR010,Mandalay,MMR010D004,Myingyan,MMR010018,Taungtha,216642,17528,199114
MMR010,Mandalay,MMR010D004,Myingyan,MMR010019,Natogyi,177078,12818,164260
MMR010,Mandalay,MMR010D004,Myingyan,MMR010020,Kyaukpadaung,261908,42817,219091
MMR010,Mandalay,MMR010D004,Myingyan,MMR010021,Ngazun,124233,7080,117153
MMR010,Mandalay,MMR010D005,Nyaung-U,MMR010022,Nyaung-U,239947,54343,185604
MMR010,Mandalay,MMR010D006,Yamethin,MMR010023,Yamethin,258091,27698,230393
MMR010,Mandalay,MMR010D006,Yamethin,MMR010024,Pyawbwe,260293,32214,228079
MMR010,Mandalay,MMR010D007,Meiktila,MMR010028,Meiktila,309663,111522,198141
MMR010,Mandalay,MMR010D007,Meiktila,MMR010029,Mahlaing,139427,13850,125577
MMR010,Mandalay,MMR010D007,Meiktila,MMR010030,Thazi,202680,20561,182119
MMR010,Mandalay,MMR010D007,Meiktila,MMR010031,Wundwin,229760,32558,197202
MMR011,Mon,MMR011D001,Mawlamyine,MMR011001,Mawlamyine,289388,253734,35654
MMR011,Mon,MMR011D001,Mawlamyine,MMR011002,Kyaikmaraw,195810,11021,184789
MMR011,Mon,MMR011D001,Mawlamyine,MMR011003,Chaungzon,122126,7727,114399
MMR011,Mon,MMR011D001,Mawlamyine,MMR011004,Thanbyuzayat,170536,57208,113328
MMR011,Mon,MMR011D001,Mawlamyine,MMR011005,Mudon,190737,52514,138223
MMR011,Mon,MMR011D001,Mawlamyine,MMR011006,Ye,263624,51888,211736
MMR011,Mon,MMR011D002,Thaton,MMR011007,Thaton,238106,55047,183059
MMR011,Mon,MMR011D002,Thaton,MMR011008,Paung,218459,29434,189025
MMR011,Mon,MMR011D002,Thaton,MMR011009,Kyaikto,184532,35224,149308
MMR011,Mon,MMR011D002,Thaton,MMR011010,Bilin,181075,18392,162683
MMR012,Rakhine,MMR012D001,Sittwe,MMR012001,Sittwe,147899,100748,47151
MMR012,Rakhine,MMR012D001,Sittwe,MMR012002,Ponnagyun,129753,12691,117062
MMR012,Rakhine,MMR012D001,Sittwe,MMR012007,Pauktaw,145957,12714,133243
MMR012,Rakhine,MMR012D001,Sittwe,MMR012008,Rathedaung,111974,7511,104463
MMR012,Rakhine,MMR012D005,Mrauk-U,MMR012003,Mrauk-U,189630,36139,153491
MMR012,Rakhine,MMR012D005,Mrauk-U,MMR012004,Kyauktaw,173100,19492,153608
MMR012,Rakhine,MMR012D005,Mrauk-U,MMR012005,Minbya,169208,22944,146264
MMR012,Rakhine,MMR012D005,Mrauk-U,MMR012006,Myebon,137193,11566,125627
MMR012,Rakhine,MMR012D002,Maungdaw,MMR012009,Maungdaw,40785,12469,28316
MMR012,Rakhine,MMR012D002,Maungdaw,MMR012010,Buthidaung,55545,9712,45833
MMR012,Rakhine,MMR012D003,Kyaukpyu,MMR012011,Kyaukpyu,165352,20866,144486
MMR012,Rakhine,MMR012D003,Kyaukpyu,MMR012012,Munaung,56966,5246,51720
MMR012,Rakhine,MMR012D003,Kyaukpyu,MMR012013,Ramree,97891,9874,88017
MMR012,Rakhine,MMR012D003,Kyaukpyu,MMR012014,Ann,119714,8514,111200
MMR012,Rakhine,MMR012D004,Thandwe,MMR012015,Thandwe,133484,14327,119157
MMR012,Rakhine,MMR012D004,Thandwe,MMR012016,Toungup,158341,34087,124254
MMR012,Rakhine,MMR012D004,Thandwe,MMR012017,Gwa,66015,15388,50627
MMR013,Yangon,MMR013D001,Yangon (North),MMR013001,Insein,305283,305283,
MMR013,Yangon,MMR013D001,Yangon (North),MMR013002,Mingaladon,331586,198396,133190
MMR013,Yangon,MMR013D001,Yangon (North),MMR013003,Hmawbi,244607,25960,218647
MMR013,Yangon,MMR013D001,Yangon (North),MMR013004,Hlegu,270741,40078,230663
MMR013,Yangon,MMR013D001,Yangon (North),MMR013005,Taikkyi,277268,88000,189268
MMR013,Yangon,MMR013D001,Yangon (North),MMR013006,Htantabin,145792,9019,136773
MMR013,Yangon,MMR013D001,Yangon (North),MMR013007,Shwepyithar,343526,279795,63731
MMR013,Yangon,MMR013D001,Yangon (North),MMR013008,Hlaingtharya,687867,482128,205739
MMR013,Yangon,MMR013D002,Yangon (East),MMR013009,Thingangyun,209486,209486,
MMR013,Yangon,MMR013D002,Yangon (East),MMR013010,Yankin,70946,70946,
MMR013,Yangon,MMR013D002,Yangon (East),MMR013011,South Okkalapa,161126,161126,
MMR013,Yangon,MMR013D002,Yangon (East),MMR013012,North Okkalapa,333293,333293,
MMR013,Yangon,MMR013D002,Yangon (East),MMR013013,Thaketa,220556,220556,
MMR013,Yangon,MMR013D002,Yangon (East),MMR013014,Dawbon,75325,75325,
MMR013,Yangon,MMR013D002,Yangon (East),MMR013015,Tamwe,165313,165313,
MMR013,Yangon,MMR013D002,Yangon (East),MMR013016,Pazundaung,48455,48455,
MMR013,Yangon,MMR013D002,Yangon (East),MMR013017,Botahtaung,40995,40995,
MMR013,Yangon,MMR013D002,Yangon (East),MMR013018,Dagon Myothit (South),371646,371646,
MMR013,Yangon,MMR013D002,Yangon (East),MMR013019,Dagon Myothit (North),203948,203948,
MMR013,Yangon,MMR013D002,Yangon (East),MMR013020,Dagon Myothit (East),165628,156244,9384
MMR013,Yangon,MMR013D002,Yangon (East),MMR013021,Dagon Myothit (Seikkan),167448,150076,17372
MMR013,Yangon,MMR013D002,Yangon (East),MMR013022,Mingalartaungnyunt,132494,132494,
MMR013,Yangon,MMR013D003,Yangon (South),MMR013023,Thanlyin,268063,86065,181998
MMR013,Yangon,MMR013D003,Yangon (South),MMR013024,Kyauktan,167448,51612,115836
MMR013,Yangon,MMR013D003,Yangon (South),MMR013025,Thongwa,157876,28018,129858
MMR013,Yangon,MMR013D003,Yangon (South),MMR013026,Kayan,158019,32977,125042
MMR013,Yangon,MMR013D003,Yangon (South),MMR013027,Twantay,226836,43092,183744
MMR013,Yangon,MMR013D003,Yangon (South),MMR013028,Kawhmu,119050,8600,110450
MMR013,Yangon,MMR013D003,Yangon (South),MMR013029,Kungyangon,111632,16627,95005
MMR013,Yangon,MMR013D003,Yangon (South),MMR013030,Dala,172857,119366,53491
MMR013,Yangon,MMR013D003,Yangon (South),MMR013031,Seikgyikanaungto,34003,34003,
MMR013,Yangon,MMR013D003,Yangon (South),MMR013032,Cocokyun,1940,1940,
MMR013,Yangon,MMR013D004,Yangon (West),MMR013033,Kyauktada,29853,29853,
MMR013,Yangon,MMR013D004,Yangon (West),MMR013034,Pabedan,33336,33336,
MMR013,Yangon,MMR013D004,Yangon (West),MMR013035,Lanmadaw,47160,47160,
MMR013,Yangon,MMR013D004,Yangon (West),MMR013036,Latha,25057,25057,
MMR013,Yangon,MMR013D004,Yangon (West),MMR013037,Ahlone,55482,55482,
MMR013,Yangon,MMR013D004,Yangon (West),MMR013038,Kyeemyindaing,111514,111514,
MMR013,Yangon,MMR013D004,Yangon (West),MMR013039,Sanchaung,99619,99619,
MMR013,Yangon,MMR013D004,Yangon (West),MMR013040,Hlaing,160307,160307,
MMR013,Yangon,MMR013D004,Yangon (West),MMR013041,Kamaryut,84569,84569,
MMR013,Yangon,MMR013D004,Yangon (West),MMR013042,Mayangone,198113,198113,
MMR013,Yangon,MMR013D004,Yangon (West),MMR013043,Dagon,25082,25082,
MMR013,Yangon,MMR013D004,Yangon (West),MMR013044,Bahan,96732,96732,
MMR013,Yangon,MMR013D004,Yangon (West),MMR013045,Seikkan,2826,2826,
MMR222,Shan,MMR014D001,Taunggyi,MMR014001,Taunggyi,438056,267970,170086
MMR222,Shan,MMR014D001,Taunggyi,MMR014002,Nyaungshwe,189407,16208,173199
MMR222,Shan,MMR014D001,Taunggyi,MMR014003,Hopong,112348,22840,89508
MMR222,Shan,MMR014D001,Taunggyi,MMR014004,Hsihseng,153032,12073,140959
MMR222,Shan,MMR014D001,Taunggyi,MMR014005,Kalaw,186083,57797,128286
MMR222,Shan,MMR014D001,Taunggyi,MMR014006,Pindaya,79303,10762,68541
MMR222,Shan,MMR014D001,Taunggyi,MMR014007,Ywangan,82532,4517,78015
MMR222,Shan,MMR014D001,Taunggyi,MMR014008,Lawksawk,164730,37785,126945
MMR222,Shan,MMR014D001,Taunggyi,MMR014009,Pinlaung,192257,17490,174767
MMR222,Shan,MMR014D001,Taunggyi,MMR014010,Pekon,103590,16546,87044
MMR222,Shan,MMR014D002,Loilen,MMR014011,Loilen,124557,40575,83982
MMR222,Shan,MMR014D002,Loilen,MMR014012,Laihka,48831,8001,40830
MMR222,Shan,MMR014D002,Loilen,MMR014013,Nansang,116961,33262,83699
MMR222,Shan,MMR014D002,Loilen,MMR014014,Kunhing,53403,15360,38043
MMR222,Shan,MMR014D002,Loilen,MMR014015,Kyethi,74364,8330,66034
MMR222,Shan,MMR014D002,Loilen,MMR014016,Mongkaing,74294,10620,63674
MMR222,Shan,MMR014D002,Loilen,MMR014017,Monghsu,72752,12284,60468
MMR222,Shan,MMR014D003,Langkho,MMR014018,Langkho,40311,9930,30381
MMR222,Shan,MMR014D003,Langkho,MMR014019,Mongnai,39436,19758,19678
MMR222,Shan,MMR014D003,Langkho,MMR014020,Mawkmai,33810,5222,28588
MMR222,Shan,MMR014D003,Langkho,MMR014021,Mongpan,25926,8972,16954
MMR222,Shan,MMR015D001,Lashio,MMR015001,Lashio,323405,174335,149070
MMR222,Shan,MMR015D001,Lashio,MMR015002,Hseni,56662,9152,47510
MMR222,Shan,MMR015D001,Lashio,MMR015003,Mongyai,59376,7046,52330
MMR222,Shan,MMR015D001,Lashio,MMR015004,Tangyan,172805,33603,139202
MMR222,Shan,MMR015D002,Muse,MMR015009,Muse,171809,94128,77681
MMR222,Shan,MMR015D002,Muse,MMR015010,Namhkan,107034,30269,76765
MMR222,Shan,MMR015D002,Muse,MMR015011,Kutkai,174652,39638,135014
MMR222,Shan,MMR015D003,Kyaukme,MMR015012,Kyaukme,172109,44711,127398
MMR222,Shan,MMR015D003,Kyaukme,MMR015013,Nawnghkio,149842,18822,131020
MMR222,Shan,MMR015D003,Kyaukme,MMR015014,Hsipaw,176158,20897,155261
MMR222,Shan,MMR015D003,Kyaukme,MMR015015,Namtu,50423,13298,37125
MMR222,Shan,MMR015D003,Kyaukme,MMR015016,Namhsan,72204,4138,68066
MMR222,Shan,MMR015D003,Kyaukme,MMR015017,Mongmit,63330,10260,53070
MMR222,Shan,MMR015D003,Kyaukme,MMR015018,Mabein,47398,3241,44157
MMR222,Shan,MMR015D003,Kyaukme,MMR015019,Manton,38601,4102,34499
MMR222,Shan,MMR015D004,Kunlong,MMR015020,Kunlong,58774,5549,53225
MMR222,Shan,MMR015D005,Laukkaing,MMR015022,Laukkaing,94850,26573,68277
MMR222,Shan,MMR015D005,Laukkaing,MMR015023,Konkyan,60062,1610,58452
MMR222,Shan,MMR015D006,Hopang,MMR015021,Hopang,61100,20462,40638
MMR222,Shan,MMR015D006,Hopang,MMR015008,Mongmao,70683,5655,65028
MMR222,Shan,MMR015D006,Hopang,MMR015007,Pangwaun,97097,3436,93661
MMR222,Shan,MMR015D007,Matman,MMR015024,Matman,19732,292,19440
MMR222,Shan,MMR015D007,Matman,MMR015005,Pangsang,105972,16355,89617
MMR222,Shan,MMR015D007,Matman,MMR015006,Narphan,116180,970,115210
MMR222,Shan,MMR016D001,Kengtung,MMR016001,Kengtung,171620,44289,127331
MMR222,Shan,MMR016D001,Kengtung,MMR016002,Mongkhet,44528,2827,41701
MMR222,Shan,MMR016D001,Kengtung,MMR016003,Mongyang,107645,4966,102679
MMR222,Shan,MMR016D001,Kengtung,MMR016005,Mongla,43068,20453,22615
MMR222,Shan,MMR016D002,Monghsat,MMR016006,Monghsat,104649,9445,95204
MMR222,Shan,MMR016D002,Monghsat,MMR016007,Mongping,68833,8906,59927
MMR222,Shan,MMR016D002,Monghsat,MMR016008,Mongton,70089,9424,60665
MMR222,Shan,MMR016D003,Tachileik,MMR016009,Tachileik,177313,58767,118546
MMR222,Shan,MMR016D004,Monghpyak,MMR016010,Monghpyak,30556,6074,24482
MMR222,Shan,MMR016D004,Monghpyak,MMR016011,Mongyawng,79890,5852,74038
MMR017,Ayeyarwady,MMR017D001,Pathein,MMR017002,Kangyidaunt,177990,11092,166898
MMR017,Ayeyarwady,MMR017D001,Pathein,MMR017007,Kyaunggon,163035,16052,146983
MMR017,Ayeyarwady,MMR017D001,Pathein,MMR017005,Kyonpyaw,235727,23966,211761
MMR017,Ayeyarwady,MMR017D001,Pathein,MMR017004,Ngapudaw,324479,28732,295747
MMR017,Ayeyarwady,MMR017D001,Pathein,MMR017001,Pathein,380985,187442,193543
MMR017,Ayeyarwady,MMR017D001,Pathein,MMR017006,Yegyi,194100,29370,164730
MMR017,Ayeyarwady,MMR017D001,Pathein,MMR017003,Thabaung,154400,7300,147100
MMR017,Ayeyarwady,MMR017D006,Pyapon,MMR017025,Kyaiklat,193340,24479,168861
MMR017,Ayeyarwady,MMR017D006,Pyapon,MMR017026,Dedaye,202926,15320,187606
MMR017,Ayeyarwady,MMR017D006,Pyapon,MMR017023,Pyapon,314122,52486,261636
MMR017,Ayeyarwady,MMR017D006,Pyapon,MMR017024,Bogale,322665,43224,279441
MMR017,Ayeyarwady,MMR017D005,Maubin,MMR017021,Nyaungdon,215906,24455,191451
MMR017,Ayeyarwady,MMR017D005,Maubin,MMR017022,Danubyu,179353,21762,157591
MMR017,Ayeyarwady,MMR017D005,Maubin,MMR017020,Pantanaw,264596,19820,244776
MMR017,Ayeyarwady,MMR017D005,Maubin,MMR017019,Maubin,314093,43111,270982
MMR017,Ayeyarwady,MMR017D003,Myaungmya,MMR017014,Myaungmya,298637,58698,239939
MMR017,Ayeyarwady,MMR017D003,Myaungmya,MMR017017,Wakema,289106,22181,266925
MMR017,Ayeyarwady,MMR017D003,Myaungmya,MMR017015,Einme,194101,13554,180547
MMR017,Ayeyarwady,MMR017D004,Labutta,MMR017018,Mawlamyinegyun,311340,32915,278425
MMR017,Ayeyarwady,MMR017D004,Labutta,MMR017016,Labutta,315218,33403,281815
MMR017,Ayeyarwady,MMR017D002,Hinthada,MMR017012,Kyangin,96083,19495,76588
MMR017,Ayeyarwady,MMR017D002,Hinthada,MMR017009,Zalun,168203,21254,146949
MMR017,Ayeyarwady,MMR017D002,Hinthada,MMR017011,Myanaung,218581,22550,196031
MMR017,Ayeyarwady,MMR017D002,Hinthada,MMR017010,Lemyethna,103024,2857,100167
MMR017,Ayeyarwady,MMR017D002,Hinthada,MMR017008,Hinthada,338435,83762,254673
MMR017,Ayeyarwady,MMR017D002,Hinthada,MMR017013,Ingapu,214384,13320,201064
MMR018,Nay Pyi Taw,MMR018D001,Nay Pyi Taw (North),MMR018003,Tatkon,217093,41683,175410
MMR018,Nay Pyi Taw,MMR018D001,Nay Pyi Taw (North),MMR018001,Zay Yar Thi Ri,111293,35106,76187
MMR018,Nay Pyi Taw,MMR018D001,Nay Pyi Taw (North),MMR018008,Oke Ta Ra Thi Ri,81620,23955,57665
MMR018,Nay Pyi Taw,MMR018D001,Nay Pyi Taw (North),MMR018005,Poke Ba Thi Ri,116491,44437,72054
MMR018,Nay Pyi Taw,MMR018D002,Nay Pyi Taw (South),MMR018006,Pyinmana,187565,72010,115555
MMR018,Nay Pyi Taw,MMR018D002,Nay Pyi Taw (South),MMR018007,Lewe,284393,30208,254185
MMR018,Nay Pyi Taw,MMR018D002,Nay Pyi Taw (South),MMR018002,Za Bu Thi Ri,110459,104596,5863
MMR018,Nay Pyi Taw,MMR018D002,Nay Pyi Taw (South),MMR018004,Det Khi Na Thi Ri,51328,23194,28134
